{
  "create a list" : {
    "transaction" : "create a list",
    "sampleCount" : 5669,
    "errorCount" : 0,
    "errorPct" : 0.0,
    "meanResTime" : 1176.4783912506598,
    "medianResTime" : 610.0,
    "minResTime" : 1.0,
    "maxResTime" : 10173.0,
    "pct1ResTime" : 3238.0,
    "pct2ResTime" : 4136.0,
    "pct3ResTime" : 5967.900000000004,
    "throughput" : 27.71734081719463,
    "receivedKBytesPerSec" : 9.230091033850945,
    "sentKBytesPerSec" : 7.524824948418073
  },
  "Read list" : {
    "transaction" : "Read list",
    "sampleCount" : 5544,
    "errorCount" : 0,
    "errorPct" : 0.0,
    "meanResTime" : 1355.245310245308,
    "medianResTime" : 732.5,
    "minResTime" : 35.0,
    "maxResTime" : 10592.0,
    "pct1ResTime" : 3483.0,
    "pct2ResTime" : 4309.25,
    "pct3ResTime" : 6428.750000000001,
    "throughput" : 27.06621556307395,
    "receivedKBytesPerSec" : 2143.8859533514824,
    "sentKBytesPerSec" : 4.916324311261479
  },
  "Delete list" : {
    "transaction" : "Delete list",
    "sampleCount" : 5229,
    "errorCount" : 0,
    "errorPct" : 0.0,
    "meanResTime" : 1059.2803595333728,
    "medianResTime" : 498.0,
    "minResTime" : 1.0,
    "maxResTime" : 10047.0,
    "pct1ResTime" : 3070.0,
    "pct2ResTime" : 3807.5,
    "pct3ResTime" : 5064.199999999999,
    "throughput" : 25.58682344651429,
    "receivedKBytesPerSec" : 4.772542263949443,
    "sentKBytesPerSec" : 5.397220570749108
  },
  "Debug Sampler" : {
    "transaction" : "Debug Sampler",
    "sampleCount" : 22038,
    "errorCount" : 0,
    "errorPct" : 0.0,
    "meanResTime" : 0.8613758054269909,
    "medianResTime" : 1.0,
    "minResTime" : 0.0,
    "maxResTime" : 99.0,
    "pct1ResTime" : 1.0,
    "pct2ResTime" : 2.0,
    "pct3ResTime" : 2.0,
    "throughput" : 109.5796413974164,
    "receivedKBytesPerSec" : 2303.422388468108,
    "sentKBytesPerSec" : 0.0
  },
  "Update list" : {
    "transaction" : "Update list",
    "sampleCount" : 5406,
    "errorCount" : 0,
    "errorPct" : 0.0,
    "meanResTime" : 1195.2106918238997,
    "medianResTime" : 616.0,
    "minResTime" : 1.0,
    "maxResTime" : 9274.0,
    "pct1ResTime" : 3228.9000000000005,
    "pct2ResTime" : 4098.499999999996,
    "pct3ResTime" : 6037.200000000012,
    "throughput" : 26.442190113770874,
    "receivedKBytesPerSec" : 8.831278338778944,
    "sentKBytesPerSec" : 7.436865969498058
  },
  "Read tasks" : {
    "transaction" : "Read tasks",
    "sampleCount" : 5478,
    "errorCount" : 861,
    "errorPct" : 15.717415,
    "meanResTime" : 1313.447243519531,
    "medianResTime" : 751.5,
    "minResTime" : 19.0,
    "maxResTime" : 11840.0,
    "pct1ResTime" : 3356.0,
    "pct2ResTime" : 4312.1,
    "pct3ResTime" : 5638.9400000000005,
    "throughput" : 26.787548044479653,
    "receivedKBytesPerSec" : 674.934650377082,
    "sentKBytesPerSec" : 4.813387539242438
  },
  "Total" : {
    "transaction" : "Total",
    "sampleCount" : 65599,
    "errorCount" : 861,
    "errorPct" : 1.31252,
    "meanResTime" : 782.6898885653723,
    "medianResTime" : 1826.0,
    "minResTime" : 0.0,
    "maxResTime" : 11840.0,
    "pct1ResTime" : 4149.0,
    "pct2ResTime" : 4801.950000000001,
    "pct3ResTime" : 6502.990000000002,
    "throughput" : 320.02790529761586,
    "receivedKBytesPerSec" : 5120.0905079377035,
    "sentKBytesPerSec" : 50.834285158479645
  },
  "Create a task" : {
    "transaction" : "Create a task",
    "sampleCount" : 5610,
    "errorCount" : 0,
    "errorPct" : 0.0,
    "meanResTime" : 1125.2770053475947,
    "medianResTime" : 546.0,
    "minResTime" : 1.0,
    "maxResTime" : 8189.0,
    "pct1ResTime" : 3180.800000000001,
    "pct2ResTime" : 4060.8999999999996,
    "pct3ResTime" : 5521.900000000003,
    "throughput" : 27.43262869130224,
    "receivedKBytesPerSec" : 8.67985517185735,
    "sentKBytesPerSec" : 8.62627581894465
  },
  "Delete task" : {
    "transaction" : "Delete task",
    "sampleCount" : 5285,
    "errorCount" : 0,
    "errorPct" : 0.0,
    "meanResTime" : 1095.8368968779575,
    "medianResTime" : 543.0,
    "minResTime" : 1.0,
    "maxResTime" : 9865.0,
    "pct1ResTime" : 3100.2000000000016,
    "pct2ResTime" : 3808.7999999999993,
    "pct3ResTime" : 5459.420000000017,
    "throughput" : 25.860719109040733,
    "receivedKBytesPerSec" : 4.8236302244402145,
    "sentKBytesPerSec" : 5.404486220053434
  },
  "Update task" : {
    "transaction" : "Update task",
    "sampleCount" : 5340,
    "errorCount" : 0,
    "errorPct" : 0.0,
    "meanResTime" : 1094.026779026217,
    "medianResTime" : 532.0,
    "minResTime" : 1.0,
    "maxResTime" : 8194.0,
    "pct1ResTime" : 3139.0,
    "pct2ResTime" : 3887.0,
    "pct3ResTime" : 5851.390000000003,
    "throughput" : 26.15057639004515,
    "receivedKBytesPerSec" : 8.197592794145013,
    "sentKBytesPerSec" : 6.84409616458213
  }
}