{
  "create a list" : {
    "transaction" : "create a list",
    "sampleCount" : 2983,
    "errorCount" : 0,
    "errorPct" : 0.0,
    "meanResTime" : 1815.7472343278578,
    "medianResTime" : 6.0,
    "minResTime" : 1.0,
    "maxResTime" : 18705.0,
    "pct1ResTime" : 7185.999999999999,
    "pct2ResTime" : 11463.199999999997,
    "pct3ResTime" : 15120.32,
    "throughput" : 21.880730580209786,
    "receivedKBytesPerSec" : 7.257156635094989,
    "sentKBytesPerSec" : 5.940276466111641
  },
  "Read list" : {
    "transaction" : "Read list",
    "sampleCount" : 2561,
    "errorCount" : 0,
    "errorPct" : 0.0,
    "meanResTime" : 5458.315111284658,
    "medianResTime" : 5210.0,
    "minResTime" : 33.0,
    "maxResTime" : 18736.0,
    "pct1ResTime" : 10547.800000000001,
    "pct2ResTime" : 12730.1,
    "pct3ResTime" : 16900.520000000004,
    "throughput" : 19.805732139266546,
    "receivedKBytesPerSec" : 2020.348246721923,
    "sentKBytesPerSec" : 3.5975255643589623
  },
  "Delete list" : {
    "transaction" : "Delete list",
    "sampleCount" : 1985,
    "errorCount" : 0,
    "errorPct" : 0.0,
    "meanResTime" : 1458.082115869019,
    "medianResTime" : 12.0,
    "minResTime" : 1.0,
    "maxResTime" : 14728.0,
    "pct1ResTime" : 6222.4,
    "pct2ResTime" : 8448.899999999998,
    "pct3ResTime" : 10274.14,
    "throughput" : 18.323302440645424,
    "receivedKBytesPerSec" : 3.4177253575813245,
    "sentKBytesPerSec" : 3.8371986693682385
  },
  "Debug Sampler" : {
    "transaction" : "Debug Sampler",
    "sampleCount" : 5476,
    "errorCount" : 0,
    "errorPct" : 0.0,
    "meanResTime" : 0.03652300949598249,
    "medianResTime" : 0.0,
    "minResTime" : 0.0,
    "maxResTime" : 11.0,
    "pct1ResTime" : 0.0,
    "pct2ResTime" : 0.0,
    "pct3ResTime" : 1.0,
    "throughput" : 41.17819570922599,
    "receivedKBytesPerSec" : 12.17586170553755,
    "sentKBytesPerSec" : 0.0
  },
  "Update list" : {
    "transaction" : "Update list",
    "sampleCount" : 2011,
    "errorCount" : 0,
    "errorPct" : 0.0,
    "meanResTime" : 4775.7677772252655,
    "medianResTime" : 4877.0,
    "minResTime" : 2.0,
    "maxResTime" : 22205.0,
    "pct1ResTime" : 9441.4,
    "pct2ResTime" : 10262.8,
    "pct3ResTime" : 13418.919999999998,
    "throughput" : 16.90484196368527,
    "receivedKBytesPerSec" : 5.620356895174849,
    "sentKBytesPerSec" : 4.728890619746133
  },
  "Read tasks" : {
    "transaction" : "Read tasks",
    "sampleCount" : 2189,
    "errorCount" : 0,
    "errorPct" : 0.0,
    "meanResTime" : 5668.497487437187,
    "medianResTime" : 6188.0,
    "minResTime" : 10.0,
    "maxResTime" : 18378.0,
    "pct1ResTime" : 10142.0,
    "pct2ResTime" : 12020.0,
    "pct3ResTime" : 15278.699999999999,
    "throughput" : 17.22279482922761,
    "receivedKBytesPerSec" : 707.5483020371914,
    "sentKBytesPerSec" : 3.094720945876836
  },
  "Total" : {
    "transaction" : "Total",
    "sampleCount" : 24024,
    "errorCount" : 0,
    "errorPct" : 0.0,
    "meanResTime" : 2775.6479770229744,
    "medianResTime" : 151.0,
    "minResTime" : 0.0,
    "maxResTime" : 22205.0,
    "pct1ResTime" : 9198.0,
    "pct2ResTime" : 10810.700000000004,
    "pct3ResTime" : 15076.0,
    "throughput" : 175.9729272419628,
    "receivedKBytesPerSec" : 2612.818308973528,
    "sentKBytesPerSec" : 32.70378847393442
  },
  "Create a task" : {
    "transaction" : "Create a task",
    "sampleCount" : 2821,
    "errorCount" : 0,
    "errorPct" : 0.0,
    "meanResTime" : 3340.9358383552035,
    "medianResTime" : 1039.0,
    "minResTime" : 2.0,
    "maxResTime" : 18277.0,
    "pct1ResTime" : 9348.400000000001,
    "pct2ResTime" : 14206.900000000021,
    "pct3ResTime" : 16552.0,
    "throughput" : 21.590882998997373,
    "receivedKBytesPerSec" : 6.802131487405956,
    "sentKBytesPerSec" : 6.759961794048539
  },
  "Delete task" : {
    "transaction" : "Delete task",
    "sampleCount" : 1998,
    "errorCount" : 0,
    "errorPct" : 0.0,
    "meanResTime" : 2668.7692692692663,
    "medianResTime" : 652.0,
    "minResTime" : 1.0,
    "maxResTime" : 14928.0,
    "pct1ResTime" : 8354.2,
    "pct2ResTime" : 9710.65,
    "pct3ResTime" : 12118.63,
    "throughput" : 17.74769493151415,
    "receivedKBytesPerSec" : 3.310361066327346,
    "sentKBytesPerSec" : 3.682056482505463
  },
  "Update task" : {
    "transaction" : "Update task",
    "sampleCount" : 2000,
    "errorCount" : 0,
    "errorPct" : 0.0,
    "meanResTime" : 3811.5820000000017,
    "medianResTime" : 2654.0,
    "minResTime" : 2.0,
    "maxResTime" : 18419.0,
    "pct1ResTime" : 9418.9,
    "pct2ResTime" : 10241.849999999999,
    "pct3ResTime" : 12712.74,
    "throughput" : 17.53094211282914,
    "receivedKBytesPerSec" : 5.468943456685425,
    "sentKBytesPerSec" : 4.56158024186126
  }
}