{
  "create a list" : {
    "transaction" : "create a list",
    "sampleCount" : 553,
    "errorCount" : 0,
    "errorPct" : 0.0,
    "meanResTime" : 1370.4828209764914,
    "medianResTime" : 1326.0,
    "minResTime" : 1.0,
    "maxResTime" : 4918.0,
    "pct1ResTime" : 2559.6000000000017,
    "pct2ResTime" : 3447.0999999999967,
    "pct3ResTime" : 4743.540000000004,
    "throughput" : 28.250319284802043,
    "receivedKBytesPerSec" : 9.407577027458494,
    "sentKBytesPerSec" : 7.66952027458493
  },
  "Read list" : {
    "transaction" : "Read list",
    "sampleCount" : 127,
    "errorCount" : 0,
    "errorPct" : 0.0,
    "meanResTime" : 1193.0629921259845,
    "medianResTime" : 748.0,
    "minResTime" : 94.0,
    "maxResTime" : 4621.0,
    "pct1ResTime" : 3330.8,
    "pct2ResTime" : 3520.3999999999996,
    "pct3ResTime" : 4526.92,
    "throughput" : 6.472326979920497,
    "receivedKBytesPerSec" : 1285.3373584974772,
    "sentKBytesPerSec" : 1.1756375178371217
  },
  "Delete list" : {
    "transaction" : "Delete list",
    "sampleCount" : 52,
    "errorCount" : 0,
    "errorPct" : 0.0,
    "meanResTime" : 2.076923076923077,
    "medianResTime" : 2.0,
    "minResTime" : 1.0,
    "maxResTime" : 13.0,
    "pct1ResTime" : 3.0,
    "pct2ResTime" : 3.0,
    "pct3ResTime" : 13.0,
    "throughput" : 2.7343955408318874,
    "receivedKBytesPerSec" : 0.5100288557606353,
    "sentKBytesPerSec" : 0.5767865593942262
  },
  "Debug Sampler" : {
    "transaction" : "Debug Sampler",
    "sampleCount" : 643,
    "errorCount" : 0,
    "errorPct" : 0.0,
    "meanResTime" : 0.5598755832037324,
    "medianResTime" : 0.0,
    "minResTime" : 0.0,
    "maxResTime" : 72.0,
    "pct1ResTime" : 1.0,
    "pct2ResTime" : 2.0,
    "pct3ResTime" : 3.0,
    "throughput" : 32.618069294374266,
    "receivedKBytesPerSec" : 665.1402211579922,
    "sentKBytesPerSec" : 0.0
  },
  "Update list" : {
    "transaction" : "Update list",
    "sampleCount" : 55,
    "errorCount" : 0,
    "errorPct" : 0.0,
    "meanResTime" : 164.41818181818184,
    "medianResTime" : 2.0,
    "minResTime" : 1.0,
    "maxResTime" : 4692.0,
    "pct1ResTime" : 3.0,
    "pct2ResTime" : 1491.3999999999946,
    "pct3ResTime" : 4692.0,
    "throughput" : 2.891236923723913,
    "receivedKBytesPerSec" : 0.9656279569468538,
    "sentKBytesPerSec" : 0.8131603847973506
  },
  "Read tasks" : {
    "transaction" : "Read tasks",
    "sampleCount" : 76,
    "errorCount" : 3,
    "errorPct" : 3.9473684,
    "meanResTime" : 685.7500000000001,
    "medianResTime" : 50.5,
    "minResTime" : 41.0,
    "maxResTime" : 3948.0,
    "pct1ResTime" : 2822.5,
    "pct2ResTime" : 3920.5,
    "pct3ResTime" : 3948.0,
    "throughput" : 3.90645078386019,
    "receivedKBytesPerSec" : 270.5068587766641,
    "sentKBytesPerSec" : 0.701940375224878
  },
  "Total" : {
    "transaction" : "Total",
    "sampleCount" : 1996,
    "errorCount" : 3,
    "errorPct" : 0.1503006,
    "meanResTime" : 784.6868737474955,
    "medianResTime" : 41.5,
    "minResTime" : 0.0,
    "maxResTime" : 4918.0,
    "pct1ResTime" : 2518.0,
    "pct2ResTime" : 2925.45,
    "pct3ResTime" : 4177.079999999999,
    "throughput" : 100.33175831909118,
    "receivedKBytesPerSec" : 2209.5034346096813,
    "sentKBytesPerSec" : 18.05045255479039
  },
  "Create a task" : {
    "transaction" : "Create a task",
    "sampleCount" : 385,
    "errorCount" : 0,
    "errorPct" : 0.0,
    "meanResTime" : 1534.0181818181811,
    "medianResTime" : 1345.0,
    "minResTime" : 1.0,
    "maxResTime" : 4446.0,
    "pct1ResTime" : 2724.4,
    "pct2ResTime" : 3645.1999999999994,
    "pct3ResTime" : 3733.3799999999997,
    "throughput" : 19.783156055701145,
    "receivedKBytesPerSec" : 6.259514220749191,
    "sentKBytesPerSec" : 6.2208752440779
  },
  "Delete task" : {
    "transaction" : "Delete task",
    "sampleCount" : 52,
    "errorCount" : 0,
    "errorPct" : 0.0,
    "meanResTime" : 1.9615384615384612,
    "medianResTime" : 2.0,
    "minResTime" : 1.0,
    "maxResTime" : 8.0,
    "pct1ResTime" : 2.0,
    "pct2ResTime" : 3.3499999999999943,
    "pct3ResTime" : 8.0,
    "throughput" : 2.7341079972658924,
    "receivedKBytesPerSec" : 0.5099752221462748,
    "sentKBytesPerSec" : 0.5713858509911142
  },
  "Update task" : {
    "transaction" : "Update task",
    "sampleCount" : 53,
    "errorCount" : 0,
    "errorPct" : 0.0,
    "meanResTime" : 85.1320754716981,
    "medianResTime" : 2.0,
    "minResTime" : 1.0,
    "maxResTime" : 3762.0,
    "pct1ResTime" : 3.0,
    "pct2ResTime" : 198.89999999999816,
    "pct3ResTime" : 3762.0,
    "throughput" : 2.786393985594869,
    "receivedKBytesPerSec" : 0.873469208374954,
    "sentKBytesPerSec" : 0.729251550917407
  }
}