{
  "create a list" : {
    "transaction" : "create a list",
    "sampleCount" : 2999,
    "errorCount" : 5,
    "errorPct" : 0.16672224,
    "meanResTime" : 2822.946982327444,
    "medianResTime" : 3.0,
    "minResTime" : 1.0,
    "maxResTime" : 80467.0,
    "pct1ResTime" : 11030.0,
    "pct2ResTime" : 15830.0,
    "pct3ResTime" : 38611.0,
    "throughput" : 5.763295551942686,
    "receivedKBytesPerSec" : 1.913622376706024,
    "sentKBytesPerSec" : 1.5646446908594402
  },
  "Read list" : {
    "transaction" : "Read list",
    "sampleCount" : 2980,
    "errorCount" : 148,
    "errorPct" : 4.966443,
    "meanResTime" : 40445.86744966429,
    "medianResTime" : 42872.0,
    "minResTime" : 119.0,
    "maxResTime" : 100544.0,
    "pct1ResTime" : 71761.3,
    "pct2ResTime" : 81698.09999999999,
    "pct3ResTime" : 88535.04000000001,
    "throughput" : 5.804248788022212,
    "receivedKBytesPerSec" : 1359.523872346942,
    "sentKBytesPerSec" : 1.054287377511847
  },
  "Delete list" : {
    "transaction" : "Delete list",
    "sampleCount" : 2002,
    "errorCount" : 5,
    "errorPct" : 0.24975026,
    "meanResTime" : 1746.7867132867116,
    "medianResTime" : 125.0,
    "minResTime" : 1.0,
    "maxResTime" : 88947.0,
    "pct1ResTime" : 1760.7000000000014,
    "pct2ResTime" : 3673.199999999999,
    "pct3ResTime" : 61236.0,
    "throughput" : 5.262148018283467,
    "receivedKBytesPerSec" : 0.9827485877033432,
    "sentKBytesPerSec" : 1.1048044617206332
  },
  "Debug Sampler" : {
    "transaction" : "Debug Sampler",
    "sampleCount" : 5962,
    "errorCount" : 0,
    "errorPct" : 0.0,
    "meanResTime" : 0.5130828581013085,
    "medianResTime" : 0.0,
    "minResTime" : 0.0,
    "maxResTime" : 1737.0,
    "pct1ResTime" : 0.0,
    "pct2ResTime" : 0.0,
    "pct3ResTime" : 1.0,
    "throughput" : 11.648080274458625,
    "receivedKBytesPerSec" : 3.39043922867612,
    "sentKBytesPerSec" : 0.0
  },
  "Update list" : {
    "transaction" : "Update list",
    "sampleCount" : 2749,
    "errorCount" : 18,
    "errorPct" : 0.65478355,
    "meanResTime" : 31879.596944343375,
    "medianResTime" : 31506.0,
    "minResTime" : 1.0,
    "maxResTime" : 98944.0,
    "pct1ResTime" : 62461.0,
    "pct2ResTime" : 69742.5,
    "pct3ResTime" : 84971.5,
    "throughput" : 5.543255134921499,
    "receivedKBytesPerSec" : 1.8455967487316451,
    "sentKBytesPerSec" : 1.55359566437899
  },
  "Read tasks" : {
    "transaction" : "Read tasks",
    "sampleCount" : 2959,
    "errorCount" : 89,
    "errorPct" : 3.007773,
    "meanResTime" : 48728.057113889816,
    "medianResTime" : 49954.0,
    "minResTime" : 45.0,
    "maxResTime" : 101378.0,
    "pct1ResTime" : 76739.0,
    "pct2ResTime" : 82479.0,
    "pct3ResTime" : 92253.6,
    "throughput" : 5.780267779353563,
    "receivedKBytesPerSec" : 588.985426736107,
    "sentKBytesPerSec" : 1.0386418666025934
  },
  "Total" : {
    "transaction" : "Total",
    "sampleCount" : 26843,
    "errorCount" : 437,
    "errorPct" : 1.627985,
    "meanResTime" : 16789.689900532754,
    "medianResTime" : 942.0,
    "minResTime" : 0.0,
    "maxResTime" : 101378.0,
    "pct1ResTime" : 61431.9,
    "pct2ResTime" : 70761.95,
    "pct3ResTime" : 85551.92000000001,
    "throughput" : 51.54680748919827,
    "receivedKBytesPerSec" : 1930.939877880461,
    "sentKBytesPerSec" : 9.607674102856457
  },
  "Create a task" : {
    "transaction" : "Create a task",
    "sampleCount" : 2981,
    "errorCount" : 78,
    "errorPct" : 2.6165717,
    "meanResTime" : 17190.56356927205,
    "medianResTime" : 10200.0,
    "minResTime" : 2.0,
    "maxResTime" : 97421.0,
    "pct1ResTime" : 48471.8,
    "pct2ResTime" : 60064.200000000004,
    "pct3ResTime" : 79623.75999999994,
    "throughput" : 5.7952700798040375,
    "receivedKBytesPerSec" : 1.8305708060353627,
    "sentKBytesPerSec" : 1.8166433732758538
  },
  "Delete task" : {
    "transaction" : "Delete task",
    "sampleCount" : 2026,
    "errorCount" : 48,
    "errorPct" : 2.3692005,
    "meanResTime" : 3882.211253701869,
    "medianResTime" : 587.5,
    "minResTime" : 1.0,
    "maxResTime" : 86708.0,
    "pct1ResTime" : 11323.499999999995,
    "pct2ResTime" : 17559.84999999999,
    "pct3ResTime" : 51511.69000000001,
    "throughput" : 4.90932529489876,
    "receivedKBytesPerSec" : 0.9252170319784628,
    "sentKBytesPerSec" : 1.0207520690770662
  },
  "Update task" : {
    "transaction" : "Update task",
    "sampleCount" : 2185,
    "errorCount" : 46,
    "errorPct" : 2.1052632,
    "meanResTime" : 12474.624256292915,
    "medianResTime" : 3912.0,
    "minResTime" : 2.0,
    "maxResTime" : 95713.0,
    "pct1ResTime" : 40844.600000000006,
    "pct2ResTime" : 48966.299999999996,
    "pct3ResTime" : 61693.83999999992,
    "throughput" : 4.881907004698696,
    "receivedKBytesPerSec" : 1.5207433569199076,
    "sentKBytesPerSec" : 1.2725263666267475
  }
}