{
  "create a list" : {
    "transaction" : "create a list",
    "sampleCount" : 724,
    "errorCount" : 0,
    "errorPct" : 0.0,
    "meanResTime" : 1845.273480662984,
    "medianResTime" : 1644.0,
    "minResTime" : 3.0,
    "maxResTime" : 30391.0,
    "pct1ResTime" : 3480.0,
    "pct2ResTime" : 4537.25,
    "pct3ResTime" : 10851.25,
    "throughput" : 5.142593316049295,
    "receivedKBytesPerSec" : 1.7125237507546969,
    "sentKBytesPerSec" : 1.3961337322868204
  },
  "Read list" : {
    "transaction" : "Read list",
    "sampleCount" : 608,
    "errorCount" : 8,
    "errorPct" : 1.3157895,
    "meanResTime" : 5805.674342105261,
    "medianResTime" : 3209.5,
    "minResTime" : 427.0,
    "maxResTime" : 32167.0,
    "pct1ResTime" : 14181.0,
    "pct2ResTime" : 20916.99999999981,
    "pct3ResTime" : 30163.29,
    "throughput" : 4.304638105959233,
    "receivedKBytesPerSec" : 1447.7307199516083,
    "sentKBytesPerSec" : 0.7818971559652514
  },
  "Delete list" : {
    "transaction" : "Delete list",
    "sampleCount" : 319,
    "errorCount" : 0,
    "errorPct" : 0.0,
    "meanResTime" : 2306.85579937304,
    "medianResTime" : 1036.0,
    "minResTime" : 2.0,
    "maxResTime" : 30386.0,
    "pct1ResTime" : 4998.0,
    "pct2ResTime" : 11167.0,
    "pct3ResTime" : 21988.40000000002,
    "throughput" : 2.4800006219437294,
    "receivedKBytesPerSec" : 0.4625782410070824,
    "sentKBytesPerSec" : 0.5231251311912555
  },
  "Debug Sampler" : {
    "transaction" : "Debug Sampler",
    "sampleCount" : 2303,
    "errorCount" : 0,
    "errorPct" : 0.0,
    "meanResTime" : 25.988710377768086,
    "medianResTime" : 2.0,
    "minResTime" : 0.0,
    "maxResTime" : 2528.0,
    "pct1ResTime" : 23.59999999999991,
    "pct2ResTime" : 134.0,
    "pct3ResTime" : 457.8000000000002,
    "throughput" : 16.650279071112525,
    "receivedKBytesPerSec" : 810.1312096824481,
    "sentKBytesPerSec" : 0.0
  },
  "Update list" : {
    "transaction" : "Update list",
    "sampleCount" : 509,
    "errorCount" : 3,
    "errorPct" : 0.58939093,
    "meanResTime" : 2222.3398821218066,
    "medianResTime" : 1026.0,
    "minResTime" : 3.0,
    "maxResTime" : 31324.0,
    "pct1ResTime" : 5037.0,
    "pct2ResTime" : 9544.0,
    "pct3ResTime" : 23736.399999999994,
    "throughput" : 3.823330579133178,
    "receivedKBytesPerSec" : 1.2770867174002856,
    "sentKBytesPerSec" : 1.0753117253812063
  },
  "Read tasks" : {
    "transaction" : "Read tasks",
    "sampleCount" : 528,
    "errorCount" : 53,
    "errorPct" : 10.037879,
    "meanResTime" : 3559.5113636363626,
    "medianResTime" : 1783.0,
    "minResTime" : 251.0,
    "maxResTime" : 30222.0,
    "pct1ResTime" : 11090.7,
    "pct2ResTime" : 14678.949999999993,
    "pct3ResTime" : 25221.710000000003,
    "throughput" : 3.8175113874629454,
    "receivedKBytesPerSec" : 420.26340003886196,
    "sentKBytesPerSec" : 0.685959077434748
  },
  "Total" : {
    "transaction" : "Total",
    "sampleCount" : 6571,
    "errorCount" : 73,
    "errorPct" : 1.110942,
    "meanResTime" : 2135.210926799569,
    "medianResTime" : 608.0,
    "minResTime" : 0.0,
    "maxResTime" : 32167.0,
    "pct1ResTime" : 4819.0,
    "pct2ResTime" : 11789.4,
    "pct3ResTime" : 23764.559999999998,
    "throughput" : 46.44833850525556,
    "receivedKBytesPerSec" : 2654.81915704589,
    "sentKBytesPerSec" : 7.3273009457902445
  },
  "Create a task" : {
    "transaction" : "Create a task",
    "sampleCount" : 648,
    "errorCount" : 1,
    "errorPct" : 0.15432099,
    "meanResTime" : 1856.1435185185173,
    "medianResTime" : 1043.0,
    "minResTime" : 2.0,
    "maxResTime" : 30206.0,
    "pct1ResTime" : 3407.3,
    "pct2ResTime" : 5999.849999999996,
    "pct3ResTime" : 21683.79999999998,
    "throughput" : 4.616535461119225,
    "receivedKBytesPerSec" : 1.4608189474762225,
    "sentKBytesPerSec" : 1.4516840024222561
  },
  "Delete task" : {
    "transaction" : "Delete task",
    "sampleCount" : 444,
    "errorCount" : 3,
    "errorPct" : 0.6756757,
    "meanResTime" : 4143.0743243243305,
    "medianResTime" : 1755.5,
    "minResTime" : 2.0,
    "maxResTime" : 30477.0,
    "pct1ResTime" : 11824.0,
    "pct2ResTime" : 14315.75,
    "pct3ResTime" : 23699.500000000004,
    "throughput" : 3.4612056533025672,
    "receivedKBytesPerSec" : 0.6491587672183288,
    "sentKBytesPerSec" : 0.7233379002019037
  },
  "Update task" : {
    "transaction" : "Update task",
    "sampleCount" : 488,
    "errorCount" : 5,
    "errorPct" : 1.0245901,
    "meanResTime" : 4745.911885245901,
    "medianResTime" : 1920.5,
    "minResTime" : 2.0,
    "maxResTime" : 31108.0,
    "pct1ResTime" : 13670.1,
    "pct2ResTime" : 22715.799999999996,
    "pct3ResTime" : 30178.890000000003,
    "throughput" : 3.6841310584327345,
    "receivedKBytesPerSec" : 1.1558471661256227,
    "sentKBytesPerSec" : 0.9642061754491922
  }
}