{
  "create a list" : {
    "transaction" : "create a list",
    "sampleCount" : 2305,
    "errorCount" : 0,
    "errorPct" : 0.0,
    "meanResTime" : 2.465943600867687,
    "medianResTime" : 2.0,
    "minResTime" : 1.0,
    "maxResTime" : 291.0,
    "pct1ResTime" : 3.0,
    "pct2ResTime" : 5.0,
    "pct3ResTime" : 9.940000000000055,
    "throughput" : 11.745522178909017,
    "receivedKBytesPerSec" : 3.894371711699661,
    "sentKBytesPerSec" : 3.1887257477897526
  },
  "Read list" : {
    "transaction" : "Read list",
    "sampleCount" : 2160,
    "errorCount" : 0,
    "errorPct" : 0.0,
    "meanResTime" : 20.87916666666668,
    "medianResTime" : 21.0,
    "minResTime" : 5.0,
    "maxResTime" : 125.0,
    "pct1ResTime" : 29.0,
    "pct2ResTime" : 31.0,
    "pct3ResTime" : 38.0,
    "throughput" : 11.400943744787764,
    "receivedKBytesPerSec" : 354.16027851489514,
    "sentKBytesPerSec" : 2.07087454739309
  },
  "Delete list" : {
    "transaction" : "Delete list",
    "sampleCount" : 1915,
    "errorCount" : 0,
    "errorPct" : 0.0,
    "meanResTime" : 1.9148825065274149,
    "medianResTime" : 2.0,
    "minResTime" : 1.0,
    "maxResTime" : 18.0,
    "pct1ResTime" : 3.0,
    "pct2ResTime" : 3.0,
    "pct3ResTime" : 6.0,
    "throughput" : 10.81071926566143,
    "receivedKBytesPerSec" : 2.0164525192786455,
    "sentKBytesPerSec" : 2.2637258911081126
  },
  "Debug Sampler" : {
    "transaction" : "Debug Sampler",
    "sampleCount" : 4498,
    "errorCount" : 0,
    "errorPct" : 0.0,
    "meanResTime" : 0.0193419297465541,
    "medianResTime" : 0.0,
    "minResTime" : 0.0,
    "maxResTime" : 1.0,
    "pct1ResTime" : 0.0,
    "pct2ResTime" : 0.0,
    "pct3ResTime" : 1.0,
    "throughput" : 22.965735204766744,
    "receivedKBytesPerSec" : 6.762517184093497,
    "sentKBytesPerSec" : 0.0
  },
  "Update list" : {
    "transaction" : "Update list",
    "sampleCount" : 2022,
    "errorCount" : 0,
    "errorPct" : 0.0,
    "meanResTime" : 2.803659742828883,
    "medianResTime" : 3.0,
    "minResTime" : 2.0,
    "maxResTime" : 27.0,
    "pct1ResTime" : 3.0,
    "pct2ResTime" : 5.0,
    "pct3ResTime" : 7.0,
    "throughput" : 11.0768421686945,
    "receivedKBytesPerSec" : 3.6827527880417215,
    "sentKBytesPerSec" : 3.098622439301973
  },
  "Read tasks" : {
    "transaction" : "Read tasks",
    "sampleCount" : 2124,
    "errorCount" : 0,
    "errorPct" : 0.0,
    "meanResTime" : 9.280602636534836,
    "medianResTime" : 9.0,
    "minResTime" : 3.0,
    "maxResTime" : 51.0,
    "pct1ResTime" : 13.0,
    "pct2ResTime" : 15.0,
    "pct3ResTime" : 22.75,
    "throughput" : 11.312855856959484,
    "receivedKBytesPerSec" : 127.53499710887026,
    "sentKBytesPerSec" : 2.032778786797407
  },
  "Total" : {
    "transaction" : "Total",
    "sampleCount" : 21058,
    "errorCount" : 0,
    "errorPct" : 0.0,
    "meanResTime" : 4.495963529300028,
    "medianResTime" : 2.0,
    "minResTime" : 0.0,
    "maxResTime" : 291.0,
    "pct1ResTime" : 13.0,
    "pct2ResTime" : 22.0,
    "pct3ResTime" : 29.0,
    "throughput" : 107.23251704629361,
    "receivedKBytesPerSec" : 487.8875955114397,
    "sentKBytesPerSec" : 20.119603333129643
  },
  "Create a task" : {
    "transaction" : "Create a task",
    "sampleCount" : 2193,
    "errorCount" : 0,
    "errorPct" : 0.0,
    "meanResTime" : 2.5754673962608248,
    "medianResTime" : 2.0,
    "minResTime" : 1.0,
    "maxResTime" : 25.0,
    "pct1ResTime" : 3.0,
    "pct2ResTime" : 4.0,
    "pct3ResTime" : 6.0,
    "throughput" : 11.502210753229589,
    "receivedKBytesPerSec" : 3.622468648214876,
    "sentKBytesPerSec" : 3.600003392837474
  },
  "Delete task" : {
    "transaction" : "Delete task",
    "sampleCount" : 1917,
    "errorCount" : 0,
    "errorPct" : 0.0,
    "meanResTime" : 1.9791340636411099,
    "medianResTime" : 2.0,
    "minResTime" : 1.0,
    "maxResTime" : 37.0,
    "pct1ResTime" : 3.0,
    "pct2ResTime" : 4.0,
    "pct3ResTime" : 6.0,
    "throughput" : 10.81053646652794,
    "receivedKBytesPerSec" : 2.016418422955895,
    "sentKBytesPerSec" : 2.2425796515759022
  },
  "Update task" : {
    "transaction" : "Update task",
    "sampleCount" : 1924,
    "errorCount" : 0,
    "errorPct" : 0.0,
    "meanResTime" : 2.7629937629937613,
    "medianResTime" : 3.0,
    "minResTime" : 2.0,
    "maxResTime" : 17.0,
    "pct1ResTime" : 3.0,
    "pct2ResTime" : 4.0,
    "pct3ResTime" : 6.0,
    "throughput" : 10.824495766406931,
    "receivedKBytesPerSec" : 3.376572873006273,
    "sentKBytesPerSec" : 2.816320650721539
  }
}